"","logFC","AveExpr","t","P.Value","adj.P.Val","B"
"ENSG00000180745",3.93870932015497,3.43997125581808,14.6366365326118,8.09866323798786e-27,1.77708967431168e-22,50.1847523235339
"ENSG00000113722",4.67815178300478,3.88631014498359,14.4347514563438,2.1159750861338e-26,2.32154206575169e-22,49.2549373850036
"ENSG00000079112",5.54199487419869,4.77253176644202,13.9804598041699,1.86873529135914e-25,1.36685528327645e-21,47.14409277408
"ENSG00000163586",7.83110681282886,7.13372338566149,13.128898053277,1.17869258989433e-23,6.4660128750128e-20,43.1214991791491
"ENSG00000144820",3.18612013780604,2.61614591665171,13.0527431426124,1.71377257476843e-23,7.52106232162874e-20,42.7578041955244
"ENSG00000166143",3.45330569201495,3.58918333956073,12.9567107840611,2.74971739312669e-23,1.00561747928965e-19,42.2983004227802
"ENSG00000173702",3.79031183458987,5.33989240923602,12.8802722153626,4.00872084519887e-23,1.25661945008855e-19,41.9318594469304
"ENSG00000134193",6.03167881095053,8.08147866359548,12.6121584278126,1.51060959040978e-22,4.14341328029522e-19,40.6418286511867
"ENSG00000086696",3.12946977629948,6.02838145718379,12.5423943104668,2.13568608432694e-22,5.2070399720429e-19,40.304988798913
"ENSG00000168955",4.80495644550767,3.7181273883783,12.4246847042584,3.83442559045691e-22,8.4138800731396e-19,39.735596255481
"ENSG00000222636",4.59209626192249,3.80603969212173,12.2564253546439,8.86978113137023e-22,1.76936006696052e-18,38.9194367506121
"ENSG00000169994",3.84767208600999,3.28490904673863,11.9613919179524,3.88121579181761e-21,7.09712650998781e-18,37.48228944534
"ENSG00000156006",2.78397318683736,2.14954056329831,11.9361699613375,4.40460756875144e-21,7.12920886435361e-18,37.3590887511489
"ENSG00000143167",4.23180483091211,3.75697730065889,11.9297598080916,4.54855416765942e-21,7.12920886435361e-18,37.3277690587925
"ENSG00000248771",3.11203068583154,2.97790746274893,11.6670902506212,1.70325393333299e-20,2.49163340394171e-17,36.0415931181705
"ENSG00000138079",3.1211511195424,2.87124470047539,11.5244404492313,3.49579893678724e-20,4.60365288892283e-17,35.3409376796374
"ENSG00000267596",3.11343685897634,2.63250006429112,11.5204657349785,3.56660890086534e-20,4.60365288892283e-17,35.3213944108648
"ENSG00000260027",3.04667168297292,2.93172168450209,11.4981395812393,3.99192749566836e-20,4.86638139096949e-17,35.2115987322881
"ENSG00000129007",2.40264665409111,5.87236786761959,11.4187217539715,5.96119937628527e-20,6.8845577849383e-17,34.8207634426095
"ENSG00000151715",1.89666264829039,6.37465500039786,11.3328094205165,9.20262577167982e-20,1.00966608653985e-16,34.3975000940825
"ENSG00000089472",3.54463358448979,3.6666280910684,11.3179286683335,9.92188292795564e-20,1.03674227184824e-16,34.3241394421818
"ENSG00000070019",2.93063737191948,2.41734189769361,11.2112653665326,1.70221631249993e-19,1.69780602478118e-16,33.7979017488856
"ENSG00000180061",2.72670715236707,2.62903587703561,11.1806704580422,1.98748900065752e-19,1.89615091919252e-16,33.6468324195093
"ENSG00000169876",4.21929364200945,3.46437529881135,10.9978704671598,5.02091482366944e-19,4.5905805823241e-16,32.7431265248009
"ENSG00000010438",2.53111836166854,6.04788694780059,10.944318170822,6.58904237678477e-19,5.78333427495153e-16,32.4780479876539
"ENSG00000169894",3.27853086571589,4.16418096392537,10.8592237217847,1.01507729428408e-18,8.5668619494137e-16,32.0565526605908
"ENSG00000165215",3.25843130578974,4.40611486399424,10.8442665650951,1.09521895618892e-18,8.90088502061239e-16,31.9824310819137
"ENSG00000167117",3.01258193889368,3.6971642000737,10.8183391642846,1.24944492519132e-18,9.79163214052611e-16,31.8539216504083
"ENSG00000088386",2.50979900724461,2.80709153673016,10.7369323639739,1.88989695397821e-18,1.43000030555669e-15,31.4502390401098
"ENSG00000105251",1.99039630757034,1.57752966574288,10.7275914834421,1.98183175373743e-18,1.44957780574201e-15,31.4039015232145
"ENSG00000119547",1.79652317346803,1.24738849671508,10.7084366168829,2.18460630316878e-18,1.54634890678815e-15,31.3088685794126
"ENSG00000204610",2.30769999796202,2.86016302844544,10.6891017865048,2.41036478679189e-18,1.62174163172138e-15,31.2129280777112
"ENSG00000144063",3.6248871400233,5.19076181325974,10.6867855462772,2.43893149737071e-18,1.62174163172138e-15,31.201433788393
"ENSG00000135702",3.03594543629451,3.05528555640694,10.6631474737109,2.75057349592861e-18,1.77517159474004e-15,31.0841186365095
"ENSG00000260092",3.02781927086505,2.91443369154782,10.5972683978967,3.84602702510168e-18,2.41123917176589e-15,30.7570532604017
"ENSG00000101342",2.19519366819166,1.96017416788996,10.4362628526984,8.73093011358421e-18,5.32174443006606e-15,29.9571090250551
"ENSG00000253293",2.55574429142225,1.81202518376552,10.3849908731238,1.13371632532242e-17,6.72355062879728e-15,29.7022081125463
"ENSG00000113303",2.87866970070836,3.81930477833427,10.3638394720983,1.26273218660807e-17,7.24786602691346e-15,29.5970331711369
"ENSG00000165828",5.23758090753239,4.58760356734282,10.3599229435169,1.288186551746e-17,7.24786602691346e-15,29.5775570940263
"ENSG00000100744",1.72751166900493,6.22914459937012,10.2477333090902,2.28200047211422e-17,1.23540461032284e-14,29.0195144527974
"ENSG00000119125",2.39883547190895,3.99951551985196,10.245483363383,2.30832561742863e-17,1.23540461032284e-14,29.008320325777
"ENSG00000137364",1.34534570813797,4.91031743901515,10.2357720737193,2.42548222919502e-17,1.26719896560063e-14,28.9600027767165
"ENSG00000272763",1.95509870847922,1.49853763161556,10.1810073462508,3.20671059965847e-17,1.63639187647223e-14,28.6874951192063
"ENSG00000206075",3.02221688739774,4.52974818069298,10.1737195320588,3.32811247444604e-17,1.65974481879022e-14,28.6512274325463
"ENSG00000135697",1.79677804878172,2.51109140722426,10.1661408684114,3.45923916846614e-17,1.68680189052561e-14,28.6135114702702
"ENSG00000118322",2.81520164549645,3.34369232816041,10.1142607170932,4.50686393325102e-17,2.14987207146363e-14,28.3553027293976
"ENSG00000224167",1.12353773409075,1.22709221506732,10.091850045073,5.05252935423459e-17,2.3588862046802e-14,28.2437534873664
"ENSG00000171747",2.2687242510524,9.1449041711025,9.99040513226545,8.47629170193622e-17,3.87490143365805e-14,27.7387478303732
"ENSG00000150656",1.99880440146952,1.39103112088634,9.96997467407662,9.40722291843534e-17,4.2127080101883e-14,27.6370329629815
"ENSG00000168903",2.6860570243011,2.51923416258294,9.91164013398996,1.26671977136542e-16,5.5591263886143e-14,27.3465989022622
"ENSG00000169903",4.47263760065888,4.7508772631714,9.89894193401981,1.35147793224805e-16,5.75980915025217e-14,27.2833762207925
"ENSG00000099834",2.9296598180968,4.30553513073168,9.89699783096177,1.36494588621935e-16,5.75980915025217e-14,27.2736967622061
"ENSG00000159184",2.0008429538731,1.24524077361649,9.79600998983971,2.2846137766361e-16,9.4587320944766e-14,26.7708925563297
"ENSG00000104537",3.58339311083279,3.18511674006536,9.76785771969387,2.6373570666783e-16,1.07169492803929e-13,26.6307314560629
"ENSG00000182938",2.54913901829238,1.86780592847311,9.74064744307936,3.02995494108682e-16,1.19750698648654e-13,26.4952644836096
"ENSG00000243989",1.5429742087107,6.34678115909268,9.73896156634405,3.05611772516275e-16,1.19750698648654e-13,26.4868714712871
"ENSG00000182327",1.51167418323183,1.51244001170218,9.72759923607079,3.23843568745782e-16,1.24668411034889e-13,26.4303055031603
"ENSG00000112818",3.7979381382707,3.22263347620743,9.69943173369579,3.7386779313827e-16,1.41444499738501e-13,26.2900816076851
"ENSG00000166268",2.30545629345979,2.06602048859763,9.60301223353997,6.11261557436464e-16,2.20669598724345e-13,25.8101490832021
"ENSG00000172955",1.99416450682001,1.87318521030889,9.60291105927885,6.11576924719399e-16,2.20669598724345e-13,25.809645547611
"ENSG00000175311",1.93546268309602,2.71054023685092,9.60231250257203,6.13445997456366e-16,2.20669598724345e-13,25.806666585522
"ENSG00000171119",-1.04314985566254,1.40257395676322,-9.59902720958427,6.23806880017365e-16,2.20777328519694e-13,25.7903160781438
"ENSG00000178828",2.91262051996178,2.7674353310154,9.58494759149839,6.70227651734612e-16,2.31484318486076e-13,25.7202453954461
"ENSG00000177133",-2.00955482487282,3.91636622572604,-9.581026143759,6.8376070685851e-16,2.31484318486076e-13,25.7007299035147
"ENSG00000150782",1.17251041997861,5.46212696154525,9.58046840226386,6.85707546898552e-16,2.31484318486076e-13,25.6979542652132
"ENSG00000172831",2.06326432107631,6.18833147500977,9.57262983666622,7.13661972274943e-16,2.37270979661046e-13,25.6589456522397
"ENSG00000271824",1.6742984142981,1.67868489168873,9.55922584753423,7.64128216915809e-16,2.50257693489308e-13,25.59224310851
"ENSG00000180535",-1.51755316900812,2.65443677468202,-9.53441995742646,8.67116615343813e-16,2.79810880742489e-13,25.4688094443709
"ENSG00000128849",-1.17857366273009,1.63842939566753,-9.53115368095131,8.81672860387855e-16,2.8038474747088e-13,25.4525573601125
"ENSG00000237070",1.36510590274994,1.01643296141196,9.51476255954261,9.5849113016017e-16,3.00459583844351e-13,25.3710028174024
"ENSG00000163959",2.57262027135092,2.55535443722405,9.50709933987314,9.9666514860699e-16,3.08025681068777e-13,25.332876062129
"ENSG00000118777",2.57027552680677,2.69412474929807,9.49590065455736,1.05519950599714e-15,3.21586705001323e-13,25.2771615108435
"ENSG00000174827",2.46597414219191,2.12502059713721,9.48451911305393,1.11820994971097e-15,3.36121656527504e-13,25.2205399588249
"ENSG00000147592",1.00501225932302,5.23711105589125,9.47861430680102,1.15236729095349e-15,3.41708046829627e-13,25.191165498392
"ENSG00000106031",2.3000510362155,1.44884521236853,9.47038214625274,1.20173423735502e-15,3.51595391603749e-13,25.1502145163289
"ENSG00000187908",3.85969370812078,4.85542146137109,9.46147044372814,1.25756073016223e-15,3.63087567130918e-13,25.1058848824931
"ENSG00000130707",1.29975345012023,6.63696001518512,9.42949486659401,1.48006274333223e-15,4.21779438661546e-13,24.946843739158
"ENSG00000179546",1.64277190191277,1.42132256732887,9.33501347963558,2.39477714663699e-15,6.73699934982762e-13,24.4770673473638
"ENSG00000112299",2.99879511344068,3.20988899102919,9.29217280416684,2.97842208590683e-15,8.27285010519666e-13,24.2641447946752
"ENSG00000127324",1.25046062542348,10.2269362557178,9.28935562816722,3.0214410104381e-15,8.28743501150541e-13,24.2501452528917
"ENSG00000140297",2.69661071268974,6.51672100835272,9.28654192893291,3.06502620663677e-15,8.28753379714606e-13,24.2361632565581
"ENSG00000257512",1.53253185594621,1.326969446985,9.28450222736173,3.09701395144682e-15,8.28753379714606e-13,24.2260276223626
"ENSG00000164850",-1.62581240081305,1.96786859173069,-9.27807606846368,3.19998864720804e-15,8.38909157295301e-13,24.1940958454529
"ENSG00000196196",1.39269006086453,1.93078024193026,9.27737496433788,3.21142821003533e-15,8.38909157295301e-13,24.1906121240142
"ENSG00000144852",2.42683193281214,2.60542927160713,9.24576138350386,3.77200021439114e-15,9.69833714516372e-13,24.0335451807938
"ENSG00000174804",-1.26146385911559,2.21526196604153,-9.24425547751268,3.80101624428784e-15,9.69833714516372e-13,24.0260642285277
"ENSG00000165556",2.82309623104978,3.54290784656249,9.207797746002,4.57571715243863e-15,1.15408001696507e-12,23.844977547756
"ENSG00000132437",2.24475825432921,4.43583399001167,9.17997309871929,5.27141578728858e-15,1.31443950705083e-12,23.7068064169161
"ENSG00000171428",1.2980811291298,3.77505650538004,9.17551373167514,5.39234051744701e-15,1.32948458398135e-12,23.6846650762014
"ENSG00000172818",1.60957645094627,2.13241651463241,9.17217467180886,5.48469564198211e-15,1.33722973857793e-12,23.6680867423669
"ENSG00000009765",1.44745210779542,1.96106211407492,9.14385918434544,6.33412855549734e-15,1.52736025157448e-12,23.527519954582
"ENSG00000130234",3.06357662511122,3.17902000880957,9.13567848858334,6.60314844389166e-15,1.56633143825578e-12,23.4869148476295
"ENSG00000065989",-1.31148044490523,2.34122695482587,-9.13462799700064,6.63850994657922e-15,1.56633143825578e-12,23.4817009152315
"ENSG00000012504",2.15603391221479,1.95982816200544,9.12455356325186,6.98738239501941e-15,1.63110778610544e-12,23.4317006797593
"ENSG00000158825",2.41518980870517,2.50467755181073,9.11843177728058,7.20825584059525e-15,1.66495534642296e-12,23.4013199571147
"ENSG00000087085",1.62947140133403,1.56054616628909,9.07202611387256,9.12558253501832e-15,2.08586101631153e-12,23.1710773076233
"ENSG00000101210",-2.14546919420994,2.23502221379859,-9.06840866127376,9.29487398965192e-15,2.10265381396837e-12,23.1531334943787
"ENSG00000178462",1.92037371858818,1.63823542331619,9.06238610533766,9.58370282919804e-15,2.14202579149407e-12,23.1232609388876
"ENSG00000106384",1.77112714255567,1.46764640190118,9.06055094594459,9.67348118643905e-15,2.14202579149407e-12,23.1141586913307
"ENSG00000155465",1.71158798582806,3.32004959179629,9.05876268396132,9.76177273615309e-15,2.14202579149407e-12,23.1052892090788
"ENSG00000254827",1.69313005028169,2.66658736680086,9.04690100127051,1.03681306325396e-14,2.25255337098829e-12,23.0464612054436
"ENSG00000116771",1.58915498100925,3.10867757314851,9.02319112697256,1.16951338184846e-14,2.51594432724518e-12,22.9288931463154
"ENSG00000173237",3.541193732144,3.16764680335451,9.01868865327036,1.19656531920721e-14,2.54914881547222e-12,22.906570353613
"ENSG00000137757",1.52207795067981,1.21002333758023,8.97534318528442,1.49114981018763e-14,3.14618271970645e-12,22.6917224124506
"ENSG00000198189",1.48615070143401,6.44634590273072,8.97267302050505,1.51149975780064e-14,3.15874658908758e-12,22.6784906531992
"ENSG00000184434",2.0884403429656,1.72918862584215,8.96217997163173,1.59418993429247e-14,3.30012355926223e-12,22.6264970891122
"ENSG00000187699",2.45459857952828,2.91538473940291,8.93137029239249,1.86399598468391e-14,3.82258541045972e-12,22.4738691743985
"ENSG00000111701",2.36486342738419,3.65848484379809,8.92171353517364,1.95759940942014e-14,3.97737072600982e-12,22.4260417545473
"ENSG00000168743",2.47924736795811,3.44508041696881,8.86269240702006,2.640746767896e-14,5.26780966617653e-12,22.1338456132025
"ENSG00000167315",1.24524176286427,6.28712116836008,8.82987066298334,3.11876028237182e-14,6.16531143027792e-12,21.9714478599977
"ENSG00000146039",1.30662761880289,1.01808466115184,8.8117209639809,3.41920310146793e-14,6.66993967589937e-12,21.8816752278772
"ENSG00000225969",2.32111051704901,3.23683969744585,8.8108214122077,3.43482287461436e-14,6.66993967589937e-12,21.8772263969434
"ENSG00000188993",1.8417206634589,2.64716133313592,8.8068112822761,3.50532499723994e-14,6.74713565038912e-12,21.8573945144558
"ENSG00000130005",-1.85071797553885,3.4838857180685,-8.7850267795947,3.91431020863736e-14,7.46884425288083e-12,21.7496791655996
"ENSG00000171431",4.5898331993474,6.50575488472959,8.78149787913583,3.98490261582478e-14,7.53799293957269e-12,21.7322332240097
"ENSG00000008517",2.07096905615965,6.2669596581103,8.72448690810597,5.31830376377711e-14,9.88979148208145e-12,21.4505059420391
"ENSG00000163618",1.76702513754383,1.69173081922503,8.68668537071181,6.43926745723993e-14,1.17747371511846e-11,21.2638332343311
"ENSG00000002726",2.54186160062173,5.38865665269477,8.67415229755285,6.8606635034353e-14,1.23396343652361e-11,21.2019654925681
"ENSG00000120093",1.82744523164016,2.19919946962638,8.67228742731527,6.92567311799018e-14,1.23552882299235e-11,21.1927608404623
"ENSG00000073605",1.32686345706487,5.94162872572169,8.60895267619391,9.53889961099296e-14,1.68800059809692e-11,20.8803125155387
"ENSG00000135111",1.90695593621696,3.11492075622695,8.60659058816205,9.65341725159558e-14,1.69459947801409e-11,20.8686658150927
"ENSG00000099617",1.77990122181918,1.71540597285345,8.59130909676014,1.04281313641951e-13,1.81606735336931e-11,20.7933286297812
"ENSG00000162989",1.41579848876243,1.40681181165313,8.47076764704332,1.91586312916027e-13,3.25889803435378e-11,20.1997579565162
"ENSG00000242515",2.18999208895678,5.49715132446454,8.45455750737336,2.07896143066351e-13,3.50912697484996e-11,20.1200342268352
"ENSG00000119686",1.3929363725824,1.50097532631901,8.42972219779588,2.35606830779503e-13,3.91660658166261e-11,19.9979380418895
"ENSG00000145384",3.82443088110175,3.00188659760422,8.41641283963615,2.51941461112007e-13,4.1566552490081e-11,19.9325300619295
"ENSG00000127831",3.43332171015817,6.2488437507008,8.41301165825971,2.56293717697862e-13,4.1969052592867e-11,19.9158178864973
"ENSG00000189325",1.12367135054043,1.82467282156033,8.39164809661554,2.85396691090321e-13,4.60474970043743e-11,19.8108705657995
"ENSG00000182600",1.15440160743579,2.0213974037897,8.35805245919059,3.37961389454891e-13,5.41305603562677e-11,19.6459242511717
"ENSG00000156413",2.2390945602735,2.86805073804992,8.34554251548382,3.59909727681576e-13,5.72282547428756e-11,19.5845322630239
"ENSG00000156510",2.31127057539843,3.2533224224968,8.34193778923276,3.66493648297824e-13,5.78559001769724e-11,19.5668451652806
"ENSG00000132970",-1.07989191731947,1.42929278882442,-8.31502429469723,4.19593727793894e-13,6.57653226355816e-11,19.4348322790019
"ENSG00000232070",2.24343543086096,2.11566595081934,8.30975665164535,4.30850511827947e-13,6.68654370268381e-11,19.4090028039116
"ENSG00000225946",1.28702579788613,0.962673668656436,8.2906464577811,4.7427256304511e-13,7.27759639922996e-11,19.3153218168699
"ENSG00000106178",2.18776470115571,2.96076694406584,8.27599975807658,5.10479615973964e-13,7.67222891323061e-11,19.2435476419971
"ENSG00000100292",1.69958525222544,3.29433353746135,8.2722886441761,5.20082605781742e-13,7.76338273378827e-11,19.225365461087
"ENSG00000234155",2.09139307710135,1.73294220488309,8.26772668225245,5.32134112604187e-13,7.88960731950924e-11,19.2030166706876
"ENSG00000164849",-1.07459894263687,1.84949690713318,-8.26045883470999,5.51910876531546e-13,8.08204306342871e-11,19.1674165298818
"ENSG00000148584",1.65335751278996,1.54468694024089,8.25910900221641,5.55663738903334e-13,8.08204306342871e-11,19.160805265655
"ENSG00000198788",2.16909943445911,1.86184590809336,8.25893010702104,5.56163014436374e-13,8.08204306342871e-11,19.15992908033
"ENSG00000243766",1.28011464371309,0.784250980351649,8.22014097180136,6.75678196780404e-13,9.69046187709308e-11,18.9700319520858
"ENSG00000148803",1.7847571437688,4.24086440143829,8.1809164224221,8.22536455805502e-13,1.16444628708001e-10,18.7781738307651
"ENSG00000144199",-1.25567855587899,3.89623498163812,-8.15470385966361,9.37981887869467e-13,1.31096411245349e-10,18.6500590569686
"ENSG00000148459",1.16160069928898,3.52933468553958,8.14841110677613,9.68016323499788e-13,1.34437861940227e-10,18.6193149231861
"ENSG00000139540",2.72804970886725,2.70757875757275,8.14423710881713,9.88464420228477e-13,1.3641430674889e-10,18.598924831404
"ENSG00000166866",2.38485833005118,4.0606615061779,8.14245246117338,9.97337965855145e-13,1.36778668654747e-10,18.5902074061246
"ENSG00000237438",-1.0750435851532,1.07968037525602,-8.12619039898968,1.08193793024351e-12,1.47459403747413e-10,18.5107898779295
"ENSG00000124253",2.99590503380737,2.98159248994451,8.11728063294006,1.13127977303421e-12,1.53232543578332e-10,18.4672914407528
"ENSG00000114455",2.45903734157611,3.48921304990988,8.11594156537581,1.13888660952408e-12,1.53316496152067e-10,18.4607547915551
"ENSG00000213996",2.61378666763409,2.85372052428788,8.09834087655476,1.24373307663536e-12,1.65401423640059e-10,18.3748572667254
"ENSG00000071073",1.25453120968773,4.30422064290362,8.08625395458179,1.32124457409212e-12,1.74651022224719e-10,18.3158906682262
"ENSG00000170412",-1.1079658036926,6.69336318762703,-8.07780047192769,1.37829440091504e-12,1.80459102877439e-10,18.2746606181937
"ENSG00000015532",-1.25970623607323,3.93304674623128,-8.07612995064612,1.38985500552737e-12,1.80459102877439e-10,18.2665140512567
"ENSG00000108511",1.86258847409463,1.92972850888853,8.05550626718828,1.54078299429168e-12,1.98878830845543e-10,18.1659678736322
"ENSG00000188488",-2.73153475899226,2.89564410566995,-8.04025363574573,1.66279652367332e-12,2.13372772625519e-10,18.0916413331645
"ENSG00000205189",-1.22241222076843,1.46751266916084,-8.01933307841251,1.84593267930334e-12,2.34514933191749e-10,17.9897428255884
"ENSG00000177191",1.60412963890549,2.32292340526595,7.98347682154959,2.20766584892053e-12,2.78406963924501e-10,17.815227741886
"ENSG00000123843",1.77708184845828,2.93434939082497,7.95780757623112,2.50915460644189e-12,3.12831701870195e-10,17.6903973317504
"ENSG00000135821",-1.47205709540185,8.3765854191391,-7.9500374603138,2.608246254042e-12,3.23348856228495e-10,17.6526283225419
"ENSG00000003436",1.48777230735247,4.84227630561057,7.93913848522116,2.75383279340983e-12,3.37582977574256e-10,17.5996642446552
"ENSG00000198521",-1.13346347769397,1.5443462686456,-7.92667352063337,2.93026985993009e-12,3.57216175202477e-10,17.5391099127259
"ENSG00000255474",1.01210698248747,0.822068620182999,7.90166347183368,3.31890081386263e-12,4.02357130157943e-10,17.4176762441336
"ENSG00000198099",3.24895832840069,2.36200326002745,7.88411914987087,3.62171252474729e-12,4.31908901796358e-10,17.3325433882646
"ENSG00000137251",1.60727334131964,1.33897885288882,7.87113034240061,3.86345569398095e-12,4.53346568411893e-10,17.2695437377487
"ENSG00000155366",1.0682890260607,7.97559443376192,7.86863379793323,3.9117267738076e-12,4.56569258498192e-10,17.2574374720763
"ENSG00000105755",1.21165353971517,6.69761393417312,7.86644848603069,3.954472129734e-12,4.59116306575414e-10,17.2468411636423
"ENSG00000164749",1.47851065806365,4.30405332581702,7.85255586937175,4.23729051478601e-12,4.89362451399734e-10,17.179493476585
"ENSG00000214944",-1.06655551307088,3.46815712791232,-7.83539202862326,4.61461964818673e-12,5.30149732671002e-10,17.0963259839364
"ENSG00000186115",2.05597374517299,1.75655483417827,7.82566537688616,4.84309214632667e-12,5.53499848785657e-10,17.0492143458128
"ENSG00000109265",1.8070136077539,2.64679223428774,7.81150619012846,5.19592869604874e-12,5.90747478639366e-10,16.9806581129631
"ENSG00000121316",1.27828282880184,5.32762586385162,7.798687006173,5.53735978269645e-12,6.2632106036963e-10,16.9186153437137
"ENSG00000015520",2.29812890638002,1.92542247613556,7.7656574168401,6.52335777142275e-12,7.26609337961063e-10,16.7588701453875
"ENSG00000213648",1.6360962406567,5.40403127234258,7.75669345332619,6.81983619999691e-12,7.55796291598648e-10,16.7155449068959
"ENSG00000166825",4.64846793105321,4.80910050271743,7.73686652472806,7.52403106955991e-12,8.29647305323382e-10,16.6197595279467
"ENSG00000124570",1.00326155121318,7.79872516508083,7.72010910773138,8.17524155659655e-12,8.9694662738199e-10,16.5388503173126
"ENSG00000169122",-1.22588742379461,1.89731090659979,-7.70844242102836,8.66140342829566e-12,9.45558086701949e-10,16.4825462287657
"ENSG00000196167",-1.63742584933453,4.04179446802557,-7.70689255646886,8.72811342171396e-12,9.48123726795393e-10,16.475068094329
"ENSG00000185290",-1.30537840691738,1.55143027182576,-7.68790179825256,9.58818898614098e-12,1.03134132805339e-09,16.3834678741877
"ENSG00000266714",1.66160672410272,6.48135371017316,7.66410169218821,1.07858842723474e-11,1.14890610965106e-09,16.2687509278564
"ENSG00000168398",1.31962323494948,1.43337259088966,7.65367389862223,1.13564147079171e-11,1.20383482094602e-09,16.2185173624326
"ENSG00000166415",1.75480973479357,1.62573488873661,7.63564749007583,1.24142792580381e-11,1.30964677768813e-09,16.1317206739089
"ENSG00000242366",2.73321447156963,3.80710643351598,7.6293668031205,1.28054001825033e-11,1.34444447944819e-09,16.1014917667236
"ENSG00000177508",-1.36795184763689,2.41227567057785,-7.62306232362932,1.32103136217304e-11,1.38035196096014e-09,16.0711548483383
"ENSG00000118971",2.19031552783949,2.5947847802694,7.58443030608031,1.59845286137067e-11,1.62383570078966e-09,15.8854027016239
"ENSG00000131981",1.21172268215603,9.39875172075571,7.57080501141246,1.70951712766563e-11,1.72310629898603e-09,15.8199485558317
"ENSG00000168679",1.3324218235455,1.77666979420444,7.55563386567932,1.84222029101024e-11,1.84583743587386e-09,15.7471053734689
"ENSG00000240990",1.33692715703729,0.850430937509689,7.55366380428916,1.86018670723886e-11,1.85536713258829e-09,15.7376491421765
"ENSG00000250742",-1.86392214718612,4.29161020976372,-7.53819762196842,2.00741443876704e-11,1.98417545179573e-09,15.6634350967215
"ENSG00000197635",1.82445994200441,4.03334329914977,7.52881884395606,2.10227194691738e-11,2.05938184514322e-09,15.6184513795846
"ENSG00000205277",1.41242786779643,1.49037907049293,7.51211309742866,2.28239122894857e-11,2.21604029808931e-09,15.5383629598066
"ENSG00000233041",4.4766702211575,7.6743104090905,7.48455283792321,2.61362667868039e-11,2.51538641273174e-09,15.4063443576259
"ENSG00000160868",3.62926778196818,2.9708203908554,7.4824313736238,2.64101892421336e-11,2.53064970541545e-09,15.3961877345144
"ENSG00000140832",1.50364695101038,4.19205380008447,7.48085498905239,2.66155755713534e-11,2.5392416294009e-09,15.3886412284155
"ENSG00000187288",2.3155560589166,3.02686813743596,7.47492934467294,2.74019100289712e-11,2.60294420677799e-09,15.3602778049396
"ENSG00000021826",2.65057178131944,2.53221570409432,7.46338128069132,2.90012167800886e-11,2.73121759573169e-09,15.3050204147541
"ENSG00000168306",1.21528745065468,2.86200543676986,7.44984432331193,3.09942977233255e-11,2.90644391001252e-09,15.2402767411658
"ENSG00000115255",1.75555634771595,4.05598514448245,7.41994774988486,3.589077687138e-11,3.33708185122326e-09,15.0974073770673
"ENSG00000100665",-2.01867264386838,2.85574283633348,-7.41326115491626,3.70869200444348e-11,3.43374804445161e-09,15.0654759947872
"ENSG00000122711",3.8226379870861,4.37447988888852,7.41040802576639,3.76092742585886e-11,3.46748027334542e-09,15.0518535831151
"ENSG00000163394",-1.44466559515858,0.941455555771561,-7.40281688276964,3.90349034285053e-11,3.58386144741294e-09,15.0156166256725
"ENSG00000162639",1.01650859303621,2.5343376394457,7.3681706386286,4.62533055419990e-11,4.17669252472463e-09,14.8503665314262
"ENSG00000108272",1.47398799604753,4.75458788657691,7.35902604945376,4.83700893091756e-11,4.33218314167853e-09,14.806787875566
"ENSG00000204614",1.06948424623985,0.993127536535922,7.35174257954128,5.01246120045441e-11,4.45297312233081e-09,14.7720897849934
"ENSG00000138823",3.10906514912291,2.74746188584144,7.34642441816906,5.14454650359311e-11,4.55188644872353e-09,14.7467607241805
"ENSG00000014914",1.28027293265524,3.65164387519612,7.3345536337267,5.45196668885806e-11,4.80451827524548e-09,14.6902427334254
"ENSG00000090402",3.52504750578811,2.98464515979259,7.33287548796404,5.49687188128942e-11,4.81745669191611e-09,14.6822551006187
"ENSG00000167748",1.97668585792129,4.24407764998915,7.32280811316512,5.77407232470299e-11,5.02779638972055e-09,14.6343478621596
"ENSG00000221947",1.38873342549411,1.90416009301093,7.31953139302217,5.86725341401839e-11,5.06672942342048e-09,14.618759290849
"ENSG00000162981",1.53459386996917,3.58121686618866,7.3189881783987,5.88284450354351e-11,5.06672942342048e-09,14.6161752191039
"ENSG00000185442",-1.059645679402,3.91729438167204,-7.31879768130741,5.88832179110816e-11,5.06672942342048e-09,14.6152690380931
"ENSG00000145569",1.31280797520587,3.37903563262402,7.3180057614091,5.91114584330147e-11,5.06672942342048e-09,14.6115020074784
"ENSG00000005073",1.33202159172483,0.856380464129191,7.31168406076106,6.09651986268826e-11,5.20528931311161e-09,14.5814351085641
"ENSG00000117507",-1.03199134107755,0.886612926716443,-7.30802171731356,6.2065391455394e-11,5.27868559963454e-09,14.5640200507794
"ENSG00000181885",2.43638101938146,7.15132148644333,7.29286673520077,6.68313591817251e-11,5.64043954909909e-09,14.4919834814599
"ENSG00000166869",3.12735038956263,2.74764307234026,7.29286201704885,6.6832898088947e-11,5.64043954909909e-09,14.4919610615701
"ENSG00000168389",1.42661863504914,2.74569557134679,7.29031323995048,6.76693861904515e-11,5.66744023350029e-09,14.4798503288101
"ENSG00000106484",1.01638597605289,3.85166181928831,7.27722885332246,7.21298852062847e-11,6.01804589764831e-09,14.417698947509
"ENSG00000106404",2.290400926838,3.940785756035,7.27628710916462,7.24619558283155e-11,6.0228511240179e-09,14.4132269318751
"ENSG00000166920",1.74881118896634,7.12925075151715,7.24663645771259,8.37295568060355e-11,6.90705889095803e-09,14.2725168138787
"ENSG00000166510",1.04369411082807,4.0597956680219,7.24396339555278,8.48269627757367e-11,6.97137844265165e-09,14.259840202527
"ENSG00000138639",-1.05634224410266,3.1988263531647,-7.24168477226281,8.57736904230149e-11,7.02288092892618e-09,14.249035299566
"ENSG00000086548",3.4314273384054,6.53944430637792,7.23493956608645,8.86380698486309e-11,7.20364876551299e-09,14.2170566614867
"ENSG00000172367",1.81181108240529,2.50895792962966,7.23110188117405,9.03098944479535e-11,7.28623788925024e-09,14.198866532978
"ENSG00000266010",-1.38937659614159,3.91373911346406,-7.20279960549696,1.03643945257905e-10,8.24006916954426e-09,14.0648102336457
"ENSG00000214456",-1.21102205792853,1.28464897319242,-7.20035070603593,1.04885575934065e-10,8.3086793961054e-09,14.0532185276333
"ENSG00000057704",1.53594156999851,2.45622250351851,7.16399147368197,1.25153253529697e-10,9.73843206454658e-09,13.8812609186126
"ENSG00000120075",1.07737038607345,1.03096807247635,7.15824886265344,1.28691512358501e-10,9.97836698121054e-09,13.8541270533496
"ENSG00000106278",-1.53352503293872,1.79796820440977,-7.1477229467419,1.35436379332979e-10,1.04276507779073e-08,13.8044101103099
"ENSG00000138100",1.53397059807624,1.15774736261733,7.13262990968386,1.45723598019157e-10,1.11415084018619e-08,13.7331623281798
"ENSG00000230061",1.15455860011483,0.719010262458015,7.12307155210234,1.52635247270326e-10,1.16294278849054e-08,13.6880665296935
"ENSG00000173467",1.55454850260792,7.39721217369219,7.11632352773498,1.57709477440208e-10,1.19744604272335e-08,13.6562415205763
"ENSG00000074276",2.40163463585846,2.9055635647503,7.11137195733734,1.6153888073249e-10,1.21809197935155e-08,13.6328951722107
"ENSG00000253187",1.09769744349971,0.772294216590824,7.1031287233246,1.68119436292313e-10,1.2633715036172e-08,13.5940405698727
"ENSG00000174951",-1.57637193522617,2.74106433066623,-7.0953324479183,1.74587413340981e-10,1.30464300596132e-08,13.5573062527409
"ENSG00000159212",-2.59419996184632,3.87922212261496,-7.0845426770027,1.83947551264872e-10,1.36363551263685e-08,13.5064890576751
"ENSG00000183696",1.02874763363454,3.70612035222163,7.0741364458345,1.93445609390507e-10,1.42442181438117e-08,13.4575023401641
"ENSG00000135063",-1.48817795252472,3.02289554424523,-7.06169868253126,2.05437318610767e-10,1.49441889572228e-08,13.3989835168802
"ENSG00000196228",1.79287176260264,2.78693621423176,7.06145864983315,2.05675844920078e-10,1.49441889572228e-08,13.397854515025
"ENSG00000117115",1.94045088778373,1.99686616146195,7.05926661649218,2.07866858059053e-10,1.50535394930356e-08,13.3875448018149
"ENSG00000137491",1.75971335340462,2.91657667275493,7.0562779102759,2.10891483437961e-10,1.51228490884941e-08,13.3734898379079
"ENSG00000091138",2.8611981291793,2.55952259503444,7.04834536755139,2.19132497742316e-10,1.55612440063419e-08,13.3361951384694
"ENSG00000180251",-1.94394383807598,4.77112087390572,-7.0418855013138,2.26078677481067e-10,1.59512682314053e-08,13.3058345344803
"ENSG00000117834",1.41130863486739,1.36803681751808,7.02805598152983,2.41691290752859e-10,1.69981794647115e-08,13.2408687655331
"ENSG00000186529",1.27792138579198,2.18755131373741,6.99846307269648,2.78778570487112e-10,1.94198037212657e-08,13.1019972803994
"ENSG00000269636",1.57909455726069,4.29929373503172,6.99625464765321,2.81762268457418e-10,1.95655362555732e-08,13.0916417032047
"ENSG00000254290",1.06488528442433,0.824323393999622,6.98721534196588,2.94308139821233e-10,2.03722508268054e-08,13.0492668854223
"ENSG00000196975",1.11267709730196,8.13092176196556,6.98000413325582,3.04712255790984e-10,2.0980083201803e-08,13.0154753031689
"ENSG00000105464",1.45723204694663,1.06677395214757,6.96088155381524,3.3409898668004e-10,2.28041956430336e-08,12.9259252159861
"ENSG00000103942",-1.55064432484561,4.29714569454514,-6.95818090304632,3.38469383163497e-10,2.29229434406068e-08,12.9132850154625
"ENSG00000112782",1.5798860930968,1.95133224236349,6.9564829975192,3.41246003008433e-10,2.30398801354278e-08,12.905338957929
"ENSG00000123095",2.20496158625809,3.01165127425863,6.95129451400605,3.49871401074952e-10,2.34777619381886e-08,12.8810614353146
"ENSG00000139508",1.28996884685388,2.71391855853804,6.93928389401723,3.70675259511035e-10,2.47331896407633e-08,12.8248864082156
"ENSG00000171703",-1.33309801240282,3.22067839714462,-6.9299512992431,3.87682183579796e-10,2.5700634907225e-08,12.7812601148386
"ENSG00000197747",1.41547946039232,9.2975554869896,6.91778554353284,4.11016941478231e-10,2.69222231249457e-08,12.7244206456547
"ENSG00000144045",1.18793598274029,2.43609788923527,6.90467816352519,4.37715681457326e-10,2.85008759591041e-08,12.6632209974956
"ENSG00000132744",1.17886218052379,3.46963482195777,6.90263100806021,4.4203783936554e-10,2.86971488437812e-08,12.6536663109756
"ENSG00000176273",1.33181212837817,3.34453929625132,6.89153394700311,4.66212947462639e-10,3.01773177173236e-08,12.601890400304
"ENSG00000006611",1.26949073138601,5.56333046535255,6.85155470153329,5.64669833244058e-10,3.56050291691792e-08,12.4156034086145
"ENSG00000166391",1.71002011392119,3.62721994643643,6.85072083412496,5.6692869704392e-10,3.56450326625637e-08,12.4117220494369
"ENSG00000180543",-1.19858045638804,1.68921458033582,-6.84910427565076,5.71333301766403e-10,3.58193332590291e-08,12.4041980219435
"ENSG00000167230",2.67800604678491,2.22949361261962,6.84329628182082,5.87439523234199e-10,3.67241750949516e-08,12.3771708555634
"ENSG00000142677",1.15217489386567,2.6940599499414,6.81407312212695,6.75554136346041e-10,4.1993440265839e-08,12.2413082312489
"ENSG00000090376",-1.3641406108756,2.24590729199242,-6.79557979991633,7.37948359782274e-10,4.5742375307069e-08,12.1554393516553
"ENSG00000147576",-1.13473430124832,1.64773619956865,-6.7902773920179,7.56867261947006e-10,4.66231869628769e-08,12.1308347534546
"ENSG00000135312",-1.25711444748742,1.32853306336143,-6.789816984231,7.58532458904756e-10,4.66231869628769e-08,12.1286986697023
"ENSG00000188643",1.12432489233104,7.5236946623198,6.78801978737907,7.65067304225193e-10,4.6823623713627e-08,12.1203609982263
"ENSG00000189377",-2.4742296912739,6.34364962661439,-6.78634530091533,7.71206077303254e-10,4.7007152650737e-08,12.1125933417028
"ENSG00000237523",1.10857215515493,2.58474647449231,6.74957969825535,9.18973293647285e-10,5.52466602260339e-08,11.9422222870414
"ENSG00000204876",1.24991082695674,3.1036362040536,6.73539952080425,9.83169921578369e-10,5.84653051197673e-08,11.8766034826032
"ENSG00000228709",1.13218238358291,1.08827219141138,6.73257960823556,9.96455346124881e-10,5.90951882703196e-08,11.8635604739494
"ENSG00000173581",-1.04502226825954,2.5688342507032,-6.72689902716896,1.02375973184866e-09,6.02261656728021e-08,11.8372921559855
"ENSG00000170439",1.33500894378487,3.59235927681542,6.72546974938835,1.03074545296644e-09,6.04749932471727e-08,11.8306841541422
"ENSG00000169744",-1.85059703991285,2.850240957078,-6.72179281274588,1.04893422562945e-09,6.13780365679651e-08,11.8136869380755
"ENSG00000117114",-1.41622555645102,2.2674262491675,-6.71037769056185,1.10744856103172e-09,6.44582062989897e-08,11.7609410182224
"ENSG00000272620",2.24103056374206,2.66594729383501,6.704852691135,1.13691806254178e-09,6.59983943025244e-08,11.7354237582919
"ENSG00000160180",2.66622898213145,8.66831008930892,6.7025332847426,1.14951934852707e-09,6.6553833943877e-08,11.7247139247198
"ENSG00000162545",1.51177222694835,5.42050574441935,6.69264333312817,1.2048197238173e-09,6.93893942249948e-08,11.6790629237017
"ENSG00000235098",-1.25662927067215,1.66245764196366,-6.69029569784711,1.21832837278299e-09,6.9983715926642e-08,11.6682302336818
"ENSG00000148655",-1.12584484234001,2.77913315112684,-6.68754036138238,1.23437416157057e-09,7.07202930217833e-08,11.6555181296098
"ENSG00000158125",1.24156678544863,2.30227686385678,6.68690443887955,1.23810705831286e-09,7.07494353660394e-08,11.6525845008138
"ENSG00000238133",1.03323453765538,0.966852517240058,6.65411131931106,1.44651657079276e-09,8.09717171247589e-08,11.5014481440286
"ENSG00000163884",-1.41813618856593,1.7886822300145,-6.64649453544288,1.49968413844325e-09,8.37342723915017e-08,11.4663848286179
"ENSG00000137203",1.57923093295566,2.04144510492378,6.63369194307153,1.59343694207479e-09,8.82949162119876e-08,11.4074839235406
"ENSG00000162409",-1.12050933898989,1.35463241405017,-6.62321397610329,1.67445963290998e-09,9.20868865286807e-08,11.3593106410174
"ENSG00000184454",-1.05715249365267,2.30369391339427,-6.58861702096473,1.97201146051487e-09,1.07374311359994e-07,11.200459280712
"ENSG00000139144",-1.10957881686818,3.35927666099604,-6.58309974621483,2.02406806016932e-09,1.09935954070038e-07,11.1751569468941
"ENSG00000110777",-1.85284875468193,3.7714046976555,-6.57579338037038,2.09510036716765e-09,1.1323346639596e-07,11.1416626519784
"ENSG00000189280",1.13787445994943,0.821964291799938,6.5688220579041,2.16516996082221e-09,1.16162162470224e-07,11.109717969478
"ENSG00000152422",1.29419475965418,4.07025793510602,6.54592560342525,2.41200071598305e-09,1.27227239689462e-07,11.0048940968821
"ENSG00000109321",1.39427040931713,3.06671236335591,6.51570250961666,2.78082373784202e-09,1.44596244738075e-07,10.866751396232
"ENSG00000077044",-1.0019061043274,4.51375775265886,-6.51318897351844,2.81389591559284e-09,1.45970019091853e-07,10.8552741685323
"ENSG00000204019",1.80034254158237,1.33023372564608,6.48725543349086,3.17863834513674e-09,1.6372972114398e-07,10.7369617478771
"ENSG00000176092",1.98902645220172,3.15922604054048,6.48636272374469,3.19199225555831e-09,1.64032520055541e-07,10.7328924869421
"ENSG00000170571",1.34015899761982,3.44576930812244,6.46539106973855,3.52214435952327e-09,1.78490562773716e-07,10.6373625074955
"ENSG00000108352",1.2356118985441,3.80096393225347,6.44068344290989,3.95457927065819e-09,1.97216665763756e-07,10.5249770191986
"ENSG00000166401",1.03178613223364,3.30238888056379,6.43717907103671,4.02001462782337e-09,2.00025353692354e-07,10.5090513172193
"ENSG00000181350",1.22234540251285,3.09457091262371,6.43395422683279,4.08117448630304e-09,2.02609076364135e-07,10.4943990959441
"ENSG00000188242",-2.43291645141605,5.1973360068202,-6.40089418909054,4.7636342826014e-09,2.34368670545118e-07,10.3443650172387
"ENSG00000147883",1.26571104721942,3.56115996991308,6.39529963969575,4.88977896196718e-09,2.4003673324932e-07,10.3190075075694
"ENSG00000175591",1.34458375986458,1.59106633889025,6.37713324391134,5.32256228374248e-09,2.5953996487147e-07,10.2367316764689
"ENSG00000142185",1.19448954739545,1.10432530567934,6.3682278512922,5.54831642250775e-09,2.68350621072938e-07,10.1964349760504
"ENSG00000096088",-4.64061517686147,9.23686393481841,-6.35747397045363,5.8335550063717e-09,2.79103244872805e-07,10.1478055786036
"ENSG00000096395",2.90672404685279,1.93827233855777,6.35730189163979,5.83823494493084e-09,2.79103244872805e-07,10.1470277150299
"ENSG00000152953",-1.27697252841723,1.49321426287003,-6.3561963782612,5.86838950868504e-09,2.79934936932774e-07,10.1420305744505
"ENSG00000117226",1.09072810504827,5.66882696485523,6.33873594594937,6.36554554954297e-09,3.00385303212089e-07,10.0631548345655
"ENSG00000076864",-1.16386164566974,4.28845285667898,-6.33491562278775,6.47974357904864e-09,3.05118054410009e-07,10.0459092084092
"ENSG00000134755",1.19528807258853,4.804536988709,6.33153210188027,6.58257109983882e-09,3.08635379580691e-07,10.0306390853673
"ENSG00000138030",1.60065052351091,3.60856331139388,6.32155691556486,6.89518640421359e-09,3.21233705451505e-07,9.98564047463719
"ENSG00000106560",1.16282413224791,3.25910343442643,6.31735204061397,7.03131182734242e-09,3.26190434307346e-07,9.96668114459938
"ENSG00000167617",1.03862928844925,7.04076135512798,6.30810392644963,7.34010068076052e-09,3.37660019366725e-07,9.9250014175711
"ENSG00000249948",2.38016843046911,2.0359852185151,6.29231563270812,7.89846811735625e-09,3.61689392805826e-07,9.85390686527425
"ENSG00000137710",-1.27418616766959,3.51542500920267,-6.29176417108725,7.91871024002839e-09,3.61689392805826e-07,9.851425026353
"ENSG00000066230",-2.4681352832155,4.21664765117618,-6.28955766595389,8.00021615590577e-09,3.64209010599669e-07,9.84149564615431
"ENSG00000134757",1.35862141614533,1.0170667460321,6.28827074642301,8.04813505745663e-09,3.6563194112996e-07,9.83570514040838
"ENSG00000007171",1.08786069626529,1.05230308963363,6.28417154821932,8.20266513086665e-09,3.71882398691337e-07,9.8172641766747
"ENSG00000110244",4.08101651704196,3.11509034031275,6.26805788451045,8.83898914666006e-09,3.99082178693748e-07,9.74482454213411
"ENSG00000141434",2.28526483075712,1.90500858727137,6.25621581743781,9.33743103923832e-09,4.1846548408981e-07,9.69163960485064
"ENSG00000084674",2.43407600879859,1.89828979611609,6.23154816165305,1.04664071955746e-08,4.63033010267124e-07,9.58099378087661
"ENSG00000112796",-1.07738200207047,2.07579572327097,-6.22978803952719,1.05519230665727e-08,4.65876957444276e-07,9.57310615139697
"ENSG00000253552",1.06296266609912,1.79989218897032,6.21613852777749,1.12388925710765e-08,4.93230039374265e-07,9.51197195982207
"ENSG00000042980",-1.33917463247179,5.29900424831132,-6.21065427827258,1.15271642012529e-08,5.02863944469368e-07,9.48742546670647
"ENSG00000176597",1.02683304788297,4.41634496057946,6.17178779727656,1.37897957099418e-08,5.87552402452918e-07,9.31374210127846
"ENSG00000036473",2.67255111973068,2.5764093457192,6.16987986821483,1.39114873556706e-08,5.90444423685646e-07,9.30522862720201
"ENSG00000175329",1.7018927872738,1.60628892716674,6.16128701373551,1.44728046071283e-08,6.11901255287505e-07,9.26690060169351
"ENSG00000122591",1.01504129714682,2.15500839647103,6.16048552154958,1.45262852321751e-08,6.12981301633881e-07,9.26332680485952
"ENSG00000180190",-1.13732557268086,1.34053984983865,-6.15019225845288,1.52306741437337e-08,6.37799012854862e-07,9.21744844879702
"ENSG00000119888",1.26991302122526,9.10783507437493,6.14802347730116,1.53833262154567e-08,6.4052433993504e-07,9.20778632430668
"ENSG00000170689",1.18670033830091,1.07052532616006,6.1355395719937,1.62917861791479e-08,6.68571395475299e-07,9.1521992455319
"ENSG00000130957",-1.39910040798892,3.50216758244409,-6.13542085247957,1.63006743188846e-08,6.68571395475299e-07,9.15167086820035
"ENSG00000162460",1.30840311836354,1.35941083049656,6.12243529485575,1.73022599068457e-08,7.04384952014685e-07,9.09390483313104
"ENSG00000100979",-1.08107841900835,3.89125335324797,-6.11741169770629,1.77057908645144e-08,7.14187810551545e-07,9.0715723415894
"ENSG00000133019",-1.17996297041552,2.19782744529026,-6.10170881215466,1.90278852855621e-08,7.57765674811414e-07,9.00181869745733
"ENSG00000187773",-1.0188299917908,1.33040824866374,-6.09934667315384,1.92350026833711e-08,7.63243515155898e-07,8.99133293784087
"ENSG00000127249",-1.07808448985638,1.77102984775274,-6.09313967147719,1.9789889066724e-08,7.81024344948066e-07,8.96378831454954
"ENSG00000157551",-1.76482856522682,2.35552018535302,-6.08996739431396,2.00795387536789e-08,7.91032888459562e-07,8.94971575275543
"ENSG00000100599",1.13300798976134,2.1861916179977,6.07573526165986,2.14312565238041e-08,8.39620987676152e-07,8.88662187074318
"ENSG00000100889",1.16405664160813,5.26934807830272,6.06978582861572,2.20225201075556e-08,8.58330654920235e-07,8.86026696703006
"ENSG00000002933",1.53980117665677,4.84718577431953,6.0568233565196,2.33669391150301e-08,9.05902376327043e-07,8.80288682669599
"ENSG00000196700",-1.24704271018756,2.01104874018358,-6.03887944255628,2.53622590576608e-08,9.71246161434994e-07,8.72354940040218
"ENSG00000112761",1.22077360684504,0.8502648033717,6.0018979573255,3.00183501763448e-08,1.12789838684852e-06,8.56038528003969
"ENSG00000099812",1.69210751960956,6.168750903663,5.98801633560503,3.19752088814128e-08,1.19122582085712e-06,8.49926026613963
"ENSG00000140284",1.26215601104819,3.39594832747244,5.98195252719789,3.28689129572723e-08,1.21831513010376e-06,8.47258040580892
"ENSG00000166396",1.66506890314846,1.91288572727834,5.978025805774,3.34607123796323e-08,1.23607476724962e-06,8.45531022331618
"ENSG00000118849",1.48300422579599,2.97499889370475,5.97586916665394,3.37901892551804e-08,1.24405725306447e-06,8.44582735211653
"ENSG00000021488",2.07079713690581,1.67697432766696,5.97460751768374,3.39844134712136e-08,1.24911220234312e-06,8.44028055668669
"ENSG00000163295",1.89433732805916,1.54656306465591,5.9732947497786,3.4187673401757e-08,1.2544818017638e-06,8.43450960715858
"ENSG00000257893",2.09225413503558,1.50250828346972,5.96758601062086,3.50855761359838e-08,1.28313799525315e-06,8.40942088197836
"ENSG00000135046",1.27680186869103,6.52900660690282,5.93639858975958,4.04161821318637e-08,1.45624348853774e-06,8.27256014498381
"ENSG00000241224",2.75686074836416,2.0715231019264,5.92743170723699,4.20911125079362e-08,1.50795718418836e-06,8.23327389921885
"ENSG00000009950",1.30452498725566,2.60188737843932,5.90518575866918,4.6546905644098e-08,1.65271642483567e-06,8.13593181025171
"ENSG00000128422",1.07810261279311,0.775690305941666,5.88005041087782,5.21410654269403e-08,1.83943954769028e-06,8.02615926026501
"ENSG00000130055",1.18600978873984,1.57705790031153,5.85545772532786,5.82524813049408e-08,2.0321688350943e-06,7.91897700916433
"ENSG00000184347",-1.29448061121209,1.97336380651367,-5.84794756816861,6.02553882356012e-08,2.09537873859556e-06,7.88628924498667
"ENSG00000196352",1.33979419569028,5.85818108168175,5.84243638130801,6.1768099032359e-08,2.13437377481791e-06,7.86231502418986
"ENSG00000110628",1.06566434570854,5.41069578603576,5.82898904173239,6.561754366076e-08,2.24624923642443e-06,7.80386433813681
"ENSG00000189143",1.86344025900866,6.4024338748898,5.82723315201996,6.61372771395594e-08,2.25349421160458e-06,7.7962370170048
"ENSG00000186198",2.04245145846586,1.86324063128963,5.81889904896873,6.86598202831091e-08,2.32142131967991e-06,7.76005037740072
"ENSG00000255774",1.25381173787754,1.62554733931119,5.80544141909007,7.29341134234566e-08,2.43962385800443e-06,7.7016714445766
"ENSG00000171234",1.72147740170515,1.48551759856671,5.80251366015819,7.38980679391064e-08,2.46061503002703e-06,7.68897974942921
"ENSG00000213846",1.00869985886357,2.05958685408745,5.79739867898856,7.56122865795571e-08,2.51007625478853e-06,7.66681417192949
"ENSG00000060566",1.90426976933011,1.94678363763766,5.79043712699052,7.80082769886489e-08,2.5844797868447e-06,7.63666215261136
"ENSG00000110245",3.33120036494983,2.55207793858578,5.78037317134708,8.16044247739598e-08,2.66783476806651e-06,7.59310482055131
"ENSG00000124006",-1.14178405542954,3.21280444265606,-5.76252733578124,8.83859572216038e-08,2.84377281424289e-06,7.51596015750976
"ENSG00000064655",-1.98836540340603,3.05193326286773,-5.75696536496717,9.0610523798326e-08,2.90257915869587e-06,7.49194107603684
"ENSG00000177706",-1.39559848588406,2.75796353387839,-5.7443591757831,9.58580590345213e-08,3.04473948500333e-06,7.43754504197404
"ENSG00000077274",-2.10096464980271,3.14603295161372,-5.74103098013685,9.72925613965566e-08,3.07621134686548e-06,7.42319380481412
"ENSG00000005020",1.18389626754251,4.41364721813312,5.73776883258802,9.87190472323591e-08,3.11234490433859e-06,7.40913143657153
"ENSG00000101680",1.1792372787924,1.01642323584966,5.73651808303675,9.92714103748384e-08,3.12079163016487e-06,7.40374081188146
"ENSG00000197956",1.06170306321663,11.5248622464576,5.73260890013593,1.01017445923168e-07,3.15758663232491e-06,7.38689638882711
"ENSG00000124102",2.40048118561665,4.98322055042531,5.73154585350088,1.01497447952757e-07,3.16807752550121e-06,7.3823167906536
"ENSG00000204616",1.68940019665827,5.18542891463695,5.72602438138026,1.0402683750993e-07,3.23781687302184e-06,7.35853722997513
"ENSG00000162779",1.41137631406396,2.07321793704611,5.72005481587987,1.06831145835066e-07,3.31101106364246e-06,7.33284089585132
"ENSG00000174502",-1.90553649145347,3.52353234649591,-5.71023983328957,1.11604072006446e-07,3.42987136139699e-06,7.29062128993431
"ENSG00000186204",1.16344617918599,3.98248649653827,5.69318837705584,1.20398640067059e-07,3.68466856205226e-06,7.21736134850474
"ENSG00000115457",-1.62528408492136,7.43472126886996,-5.68792219096791,1.23249742848137e-07,3.74399299279038e-06,7.19475826747062
"ENSG00000172828",1.00130751178698,3.21060272922502,5.68309926288492,1.25918943954549e-07,3.80583937630119e-06,7.1740670791364
"ENSG00000240602",1.3851417395851,2.64809504211051,5.67868999783142,1.28408806298564e-07,3.87043191841949e-06,7.15515843453807
"ENSG00000161574",1.9890758831724,2.10799439397314,5.67708151120634,1.29329077429091e-07,3.88749033702266e-06,7.14826248879078
"ENSG00000172461",-1.7590237173305,3.55920453386512,-5.67513686468081,1.30450324136792e-07,3.91582963410892e-06,7.13992668630651
"ENSG00000182718",1.06691907913897,10.1459254874707,5.6542595176633,1.43105276764175e-07,4.25495811387031e-06,7.05052756576949
"ENSG00000106565",1.68624810291415,5.52188123352234,5.64514241024224,1.49002549081892e-07,4.41236563360857e-06,7.01154034337213
"ENSG00000160200",-1.55001894435033,3.17236053677817,-5.64332272513948,1.50207814735818e-07,4.44206210073863e-06,7.00376276562928
"ENSG00000197165",1.39659689646961,2.19461670936248,5.6413272161467,1.51540534842685e-07,4.47544274031363e-06,6.99523518292731
"ENSG00000102886",1.26581822936884,3.50848591834094,5.61967869629979,1.66765459130962e-07,4.86434671357082e-06,6.90282313159942
"ENSG00000159167",-1.27013836463536,2.27015117168331,-5.60413510261516,1.78612498200286e-07,5.1501892877909e-06,6.83658542522858
"ENSG00000136305",1.44801127664228,2.95698758270949,5.59265926145303,1.87885069838006e-07,5.38923148686976e-06,6.78774356066761
"ENSG00000184163",1.12452669046361,1.5382120899293,5.5636808310493,2.1345229104191e-07,6.02028743230416e-06,6.66464345657914
"ENSG00000102854",2.29696349045536,4.19968484612065,5.56138010387148,2.15622486287407e-07,6.05813600077409e-06,6.65488441136876
"ENSG00000140443",-1.16017828331343,2.78124728763307,-5.54995692748198,2.26721985671062e-07,6.33897574228e-06,6.60646204022233
"ENSG00000163817",1.55589751523002,3.5482874661374,5.54907554297634,2.27601303217661e-07,6.3540144993704e-06,6.60272807519531
"ENSG00000016490",2.98259298828223,2.73218425741652,5.53433156859511,2.42816154831902e-07,6.71893428181139e-06,6.54031217460288
"ENSG00000176171",-1.66825800404167,4.51763373196423,-5.51998333143798,2.58577924019264e-07,7.10134591583817e-06,6.47965627810217
"ENSG00000145287",1.15280129124029,7.08670910138284,5.51319528939255,2.66379908397771e-07,7.28824729422979e-06,6.45098967018128
"ENSG00000243279",-1.16817518341135,3.58878285538652,-5.50447543630684,2.76741469213757e-07,7.53416632624997e-06,6.41419246940081
"ENSG00000015413",1.63328631231794,1.64500846805681,5.50025360030758,2.81899041356659e-07,7.65558250555591e-06,6.39638779647889
"ENSG00000139211",1.0175527387005,1.42873668677697,5.49305615205279,2.90909706814378e-07,7.83243152960479e-06,6.36605100440996
"ENSG00000265933",1.64413762937831,1.28110628786301,5.48385671143586,3.02838427215082e-07,8.09401170326498e-06,6.32730698428336
"ENSG00000167191",-1.93041010290415,5.15193108246101,-5.48179083166536,3.05582383585179e-07,8.14750211787314e-06,6.3186112016006
"ENSG00000176595",1.04242214913965,2.37810092010543,5.4636881140677,3.30692153044862e-07,8.72901168260395e-06,6.2424880620146
"ENSG00000154646",2.85227815770283,2.1692233585166,5.46349343974787,3.30972871527434e-07,8.72901168260395e-06,6.24167018202214
"ENSG00000226306",1.13709931184834,0.962189854643251,5.4587154412185,3.37936325188407e-07,8.90196492630157e-06,6.22160144379278
"ENSG00000105538",-1.01075107997727,1.46202775989389,-5.44568241332342,3.57668284693214e-07,9.30998240928018e-06,6.16690795093011
"ENSG00000101000",1.00521676130859,3.77049380127612,5.43732453898986,3.70911217217994e-07,9.5977651408189e-06,6.13187122108172
"ENSG00000256894",1.01078334348511,1.03893174376028,5.43540923661803,3.74012946457907e-07,9.64896389952192e-06,6.12384627421014
"ENSG00000142484",1.43531678588474,4.70440365999993,5.43438864671218,3.75676094175541e-07,9.67542316255151e-06,6.11957072129288
"ENSG00000104177",-1.14465387128063,2.60239091154988,-5.41948913759214,4.00796761642333e-07,1.02263759775787e-05,6.05720209549659
"ENSG00000241635",1.22436138756793,2.59850114912653,5.41444247147712,4.09672674955659e-07,1.04124618748719e-05,6.03609818650946
"ENSG00000138308",1.50305461525916,1.15766419694739,5.39626239526946,4.43271016806404e-07,1.1116223910609e-05,5.96016286827231
"ENSG00000228273",1.13884679650357,0.892683343177333,5.38459659739437,4.66235524333576e-07,1.16124927473912e-05,5.91151054261281
"ENSG00000066405",-1.55445389969156,8.59652919572301,-5.38059688153378,4.74373977235963e-07,1.17750997539465e-05,5.89484303105765
"ENSG00000151834",1.24465631825192,1.24399410943385,5.36018653500634,5.18117819171566e-07,1.27313094133053e-05,5.80989607372806
"ENSG00000100197",1.52404296693026,1.81260378446977,5.35361689806631,5.33019851782071e-07,1.30390798301605e-05,5.78259155245632
"ENSG00000242173",1.64191701861339,3.62818496330501,5.34894845604788,5.43863378800656e-07,1.32747431824503e-05,5.76320000901901
"ENSG00000124429",1.16095853709279,5.36915936756138,5.32009624471015,6.15828391714355e-07,1.47523170298997e-05,5.64356413994902
"ENSG00000137812",1.03248055077775,3.00329656631368,5.31606087722119,6.26608607858715e-07,1.49941904931775e-05,5.6268602601911
"ENSG00000125775",1.1547527234028,6.20723684508078,5.29430416457042,6.87987019316304e-07,1.63029148648571e-05,5.53692363345711
"ENSG00000166959",1.50167018488284,3.70589490385473,5.27157240287828,7.58389594418217e-07,1.77224098725441e-05,5.44317822948383
"ENSG00000007216",1.76214659210909,1.62805770660509,5.26846747051997,7.68536610450901e-07,1.79404243011959e-05,5.43039122434617
"ENSG00000179674",1.1434429826555,4.60694192264841,5.26635618510687,7.75512016993334e-07,1.80840172039158e-05,5.42169877808229
"ENSG00000122121",1.59951045588449,1.79790333398153,5.26319094823721,7.86085592926833e-07,1.82336957352997e-05,5.4086707673942
"ENSG00000254560",1.08030112072379,1.75180478473685,5.25536823508526,8.12825635283031e-07,1.87351186082096e-05,5.37649178346827
"ENSG00000143595",1.36844238667296,0.959416587394804,5.24761410981445,8.40207643206938e-07,1.92852262708053e-05,5.34462175321782
"ENSG00000103485",1.68394374292573,2.74574159173818,5.22933830296422,9.08359086944593e-07,2.07410233556974e-05,5.26961281566641
"ENSG00000092421",1.04324604565534,1.54523102528191,5.21825146026552,9.52303397409498e-07,2.14079478945132e-05,5.22418216961478
"ENSG00000183900",1.05521323503248,0.845644186113042,5.21201718515952,9.77918923647445e-07,2.18964030016285e-05,5.19866016865633
"ENSG00000050165",-1.42447423574926,4.35637149306222,-5.20749880340289,9.96903512697549e-07,2.22307457104902e-05,5.18017365670639
"ENSG00000100170",1.66424737264,5.08321776752229,5.20571229817225,1.00450863404809e-06,2.23549015790235e-05,5.17286688460497
"ENSG00000162949",-1.35842037911284,3.13991320133537,-5.20267660771179,1.0175616487271e-06,2.25766989464295e-05,5.16045426962791
"ENSG00000133104",-1.27345336388159,3.39595577544737,-5.19744711789002,1.04043715384303e-06,2.30376513287363e-05,5.13908119863408
"ENSG00000114113",3.45142658580807,3.08999007698834,5.19329591307444,1.05895270531119e-06,2.33768603748929e-05,5.12212390931739
"ENSG00000121966",-1.40233463487215,4.74949473648498,-5.18086573919496,1.11633977406304e-06,2.43497451911185e-05,5.07139447898622
"ENSG00000137699",1.65331543603342,2.93940797044957,5.17946847988499,1.12297735381832e-06,2.43975169057776e-05,5.06569643547806
"ENSG00000237651",-1.04878387437838,2.36295216880274,-5.17885449897137,1.12590619661322e-06,2.44369531872243e-05,5.06319289313813
"ENSG00000110195",-1.54690820529779,2.72643101481383,-5.17817774428452,1.12914312639051e-06,2.44829917217263e-05,5.06043358570964
"ENSG00000204740",1.54305433957898,1.45257748746593,5.17463206923489,1.14625120894454e-06,2.480492137857e-05,5.04598033794024
"ENSG00000173227",1.13619109202964,1.27508748777626,5.15783330613083,1.23080665464633e-06,2.62209615756353e-05,4.97758137492546
"ENSG00000187546",1.08964184112018,0.953510327898552,5.1530315362511,1.25607483368607e-06,2.66042954397426e-05,4.95805386950882
"ENSG00000105519",-1.11395895295106,4.53374738910903,-5.14757257326228,1.28541654027664e-06,2.70950001376468e-05,4.93586657112245
"ENSG00000122859",1.07723767115879,0.877816891915885,5.14144685900241,1.31913871273626e-06,2.7725920281199e-05,4.91098562982573
"ENSG00000185633",-2.10019106540415,3.41846394097058,-5.1309103876237,1.3791724311481e-06,2.8685479295434e-05,4.86822980865886
"ENSG00000139515",1.19238186532042,3.01697730019037,5.13007293372226,1.38405675007105e-06,2.8752034087633e-05,4.8648337094418
"ENSG00000182195",-1.15282136001716,2.01802488677494,-5.12128710366422,1.43632684129954e-06,2.95659661150429e-05,4.82922434514307
"ENSG00000249395",1.18590734849825,1.7246395495991,5.12059359352149,1.44053383248303e-06,2.96016254763275e-05,4.82641503692062
"ENSG00000065618",1.84818359902546,5.96323026053765,5.12055682153468,1.44075723505071e-06,2.96016254763275e-05,4.82626608518993
"ENSG00000116833",1.09723511346101,2.59898742551798,5.11650070958322,1.46560812247902e-06,3.00840402540292e-05,4.80983989674045
"ENSG00000182985",-1.31632842209304,3.01545710850813,-5.1136062278626,1.48359712495578e-06,3.03964255022452e-05,4.79812266604165
"ENSG00000129270",1.1980484209225,4.61205306588123,5.11027554120289,1.50456370774637e-06,3.07398896080806e-05,4.78464443009559
"ENSG00000179914",2.48993095995671,4.62412879155378,5.10780929861076,1.5202746024304e-06,3.09743598896289e-05,4.77466764406979
"ENSG00000134198",1.03142184792396,2.03759360849283,5.10109672378232,1.56385114174148e-06,3.17736903733642e-05,4.74752732459868
"ENSG00000134463",-1.59510583027923,3.06412793355259,-5.09780994402114,1.5856301378225e-06,3.2126945627183e-05,4.73424584545222
"ENSG00000147168",1.50458276706188,3.72123475825592,5.09520438803365,1.6031051183884e-06,3.24510476132811e-05,4.7237206857742
"ENSG00000133742",2.53710072568226,1.79417516412958,5.06762531471953,1.79997766236035e-06,3.59062816774301e-05,4.61250943297199
"ENSG00000054983",1.1283075851098,4.89699624746838,5.06452726714776,1.82351345496783e-06,3.63097602017778e-05,4.60003899807149
"ENSG00000227053",1.28483985189877,2.00437709240504,5.05702220343121,1.88177986287523e-06,3.72650629764053e-05,4.5698479285141
"ENSG00000118513",1.19598911102599,3.19765417688114,4.99958414468506,2.39194283813586e-06,4.60350833983993e-05,4.33967252366033
"ENSG00000180730",-1.68988849968521,2.18693780087145,-4.98620499252334,2.52886674871138e-06,4.79610398158806e-05,4.28628365424502
"ENSG00000240498",1.71458871467887,1.6252752750483,4.96571451700889,2.75348460731339e-06,5.141958012985e-05,4.20468464536739
"ENSG00000196502",1.02927842208481,5.25196474262237,4.96339550479612,2.78009749374566e-06,5.17858058618515e-05,4.19546246011887
"ENSG00000243709",1.53157257474008,1.25506975676358,4.95145059925011,2.92119306689433e-06,5.40469978641334e-05,4.14800162926349
"ENSG00000148702",-1.39821807229266,2.84581567369566,-4.93999800589567,3.06300588730401e-06,5.6338254974947e-05,4.10256209887916
"ENSG00000164237",1.18599680015189,6.20799121124674,4.93781369712421,3.09080398292511e-06,5.68019361786647e-05,4.09390285798576
"ENSG00000157404",-1.10631465466877,2.05425725627232,-4.92143793304466,3.30717127484211e-06,6.04743827365503e-05,4.02905886592657
"ENSG00000125285",-1.65319578204373,3.29125504428689,-4.90412345362944,3.55196053727847e-06,6.42914633062102e-05,3.96064096806615
"ENSG00000166165",-1.37408635701746,6.19520184838767,-4.88606125432189,3.82608568086361e-06,6.84236333294133e-05,3.88942608470881
"ENSG00000117525",1.03796787238953,5.68222785455753,4.88524675380047,3.83892016412833e-06,6.85414362583141e-05,3.88621851192266
"ENSG00000120756",1.15087848992668,6.8596751271865,4.86928806611172,4.09900280135361e-06,7.25358213468567e-05,3.82343831268349
"ENSG00000167588",1.67055173731553,2.1416620561089,4.86848141897972,4.11259408845968e-06,7.26652947594041e-05,3.82026839179174
"ENSG00000171124",1.41380916528119,5.23227662615933,4.86336365068223,4.19985040131503e-06,7.39032216167247e-05,3.80016440457467
"ENSG00000259974",-1.1281264931181,4.21993672755827,-4.85934104518344,4.26969536147317e-06,7.49519402534445e-05,3.78437168966133
"ENSG00000170786",1.18627183457068,4.09388150643712,4.85364313552598,4.3705646876864e-06,7.64779114369239e-05,3.76201558491415
"ENSG00000131142",2.36833043646594,2.14340882933529,4.84597169253509,4.51003705717791e-06,7.87301059233532e-05,3.73194186940941
"ENSG00000143248",-2.0002910146428,5.16272680701986,-4.83825395384903,4.65471281993599e-06,8.07417892552217e-05,3.70171645157101
"ENSG00000149256",-1.09941659325989,1.08665004375723,-4.82620044847716,4.88973199113675e-06,8.42595721840717e-05,3.65457054780261
"ENSG00000273173",-1.56095415225802,4.87998866364106,-4.82440191243005,4.92577406202058e-06,8.47735374454255e-05,3.6475420575308
"ENSG00000196549",1.84656097956554,2.08623572089002,4.81641699399318,5.08893048163187e-06,8.73075852685286e-05,3.61635755738087
"ENSG00000008323",1.01465284189713,4.40631937155605,4.81494704035936,5.11953310753817e-06,8.77639960771172e-05,3.61062027644933
"ENSG00000188153",-1.01618527331004,2.36514554181062,-4.79413461158413,5.5724886987179e-06,9.42768847463121e-05,3.52950617857483
"ENSG00000138207",1.03771869820116,2.46250611004585,4.76433051273867,6.28954075525142e-06,0.000104633353140623,3.41373231079669
"ENSG00000135318",1.07640757629663,3.49965882483746,4.75221983629074,6.60583083645956e-06,0.000109315042265786,3.366818505995
"ENSG00000197410",-1.39523823355747,1.32264287918006,-4.72187686717662,7.46758976271617e-06,0.000121115671986188,3.2496095120309
"ENSG00000166123",-1.18019976970323,4.73266833174873,-4.72010737705647,7.52107634155693e-06,0.000121672055870712,3.24278903211083
"ENSG00000176919",1.27348602955811,1.26792132488508,4.7103503797398,7.82274319130237e-06,0.000126031170225219,3.20521003473664
"ENSG00000174992",1.91317734249809,1.51130462602764,4.68715829217795,8.58765607517223e-06,0.00013605699440975,3.11608520596941
"ENSG00000184956",-1.46565809800042,6.65912040250729,-4.68119625392311,8.79572424707618e-06,0.000138752391914876,3.09321919875954
"ENSG00000204978",1.07543077880449,0.95382235907516,4.67857220909445,8.88884173760833e-06,0.000140019995871026,3.08316120144926
"ENSG00000165388",1.05271766549265,2.50007786572941,4.66714661072047,9.30555433503e-06,0.000145851270552545,3.03940895519485
"ENSG00000183778",1.60146402732425,4.15702029036501,4.65480003457364,9.77713867087166e-06,0.000152263842338493,2.99220736990135
"ENSG00000112297",1.12133932362199,4.24669358256564,4.63782307465575,1.0463565054989e-05,0.000161577767770319,2.92743532288137
"ENSG00000135220",1.85508404854994,1.8281633194985,4.63322998793758,1.06571604886731e-05,0.000164105314107335,2.9099376557161
"ENSG00000105707",-1.42417294144408,1.51836277584367,-4.62411311093737,1.1051762709145e-05,0.000168995699739908,2.87523957895302
"ENSG00000141293",1.08630717498771,2.09083667655582,4.62109233542136,1.11856041275788e-05,0.000170566859882878,2.86375253182747
"ENSG00000115263",2.37976862448469,1.96870631367857,4.60616140627192,1.18705424936395e-05,0.000179267249785225,2.80704658731293
"ENSG00000137752",1.26666861589834,4.3259728266754,4.59000286452181,1.26575395271601e-05,0.000189845789367377,2.74581296271107
"ENSG00000187867",-1.07722809031467,2.18321262968064,-4.58867529445346,1.2724398225728e-05,0.000190588034312047,2.74078830800296
"ENSG00000181449",-1.30270869166794,3.33495992216407,-4.57295932852957,1.35423237909462e-05,0.000200761008214935,2.68137793898468
"ENSG00000124205",1.28008423174412,1.41204417245994,4.55759237177951,1.43911656217473e-05,0.000211221726284832,2.62341606857947
"ENSG00000118137",2.85460805518743,3.09850638244798,4.54134512521286,1.53445702265702e-05,0.00022402255787201,2.56227334929017
"ENSG00000145335",-1.01627779315981,2.00126513608293,-4.53872963158836,1.55036519661261e-05,0.000225744283405908,2.55244398673237
"ENSG00000172689",1.18985554656967,0.983036644971485,4.50388387564276,1.7781403775139e-05,0.000253197497104397,2.42184636199655
"ENSG00000189334",1.13680654636256,7.88460186956958,4.49870074985786,1.81467165281009e-05,0.000256733333833732,2.40247763196152
"ENSG00000128298",1.12255468529308,4.3417836510991,4.49846882289927,1.81632314443864e-05,0.000256801409525883,2.40161129445677
"ENSG00000073737",1.74398797098395,3.23111198107638,4.49336626810618,1.8530268552043e-05,0.000260814421319744,2.38255877551494
"ENSG00000125968",1.21199057859245,5.86153770989824,4.48096249161746,1.94526376820306e-05,0.000271877237493939,2.33630410257339
"ENSG00000237643",1.43224584939306,1.44147988117187,4.47428727969688,1.9967222830042e-05,0.00027793149943686,2.31144697244331
"ENSG00000197273",1.23267883510266,1.12313146803939,4.47341180441551,2.00356801699755e-05,0.000278431241272814,2.30818871452306
"ENSG00000164125",1.01607001215927,2.37838467826713,4.45225134714979,2.17610032463975e-05,0.000298252151302748,2.22956547865492
"ENSG00000105388",2.29908502346434,7.65821331311308,4.41527764226646,2.51258087521463e-05,0.000335158432491396,2.09278778444547
"ENSG00000124107",1.01599114475938,6.82668961670643,4.40961773440294,2.56833145110699e-05,0.000341143444501457,2.07191777747862
"ENSG00000163283",1.1518879884731,0.707866860698495,4.40578171021351,2.60679332348678e-05,0.000345624567355108,2.05778332990152
"ENSG00000230266",-1.01452835311525,1.8897779931615,-4.39493413250041,2.71858841815689e-05,0.000359145006981437,2.01785871352581
"ENSG00000204389",-1.04532132126123,5.48912446794916,-4.3787533772077,2.89398531342102e-05,0.000378442906629306,1.9584292417547
"ENSG00000114854",1.17194812021954,2.71512908134941,4.37347020771672,2.95358153625789e-05,0.000384631689318141,1.93905718723763
"ENSG00000007306",1.40781349197925,1.82050657788862,4.36404233044378,3.06288462220875e-05,0.000396030977476622,1.90452705411386
"ENSG00000102837",2.35115237358277,6.94087125629877,4.36163115033629,3.09145913336793e-05,0.000398331695616515,1.89570411724902
"ENSG00000186340",1.07810399885934,1.48721051590076,4.35392063368709,3.18457068018141e-05,0.000408888440229495,1.86751227448273
"ENSG00000099139",1.02497192947336,3.09557081382019,4.34294787185208,3.32175110785438e-05,0.00042045312352332,1.82745144197986
"ENSG00000142583",1.40196716022488,1.46384076659808,4.34068421006953,3.35075146761387e-05,0.000423046832300639,1.81919555704604
"ENSG00000100918",-1.50292304909193,3.9877821699704,-4.33736920378161,3.3936616055491e-05,0.000427971934543471,1.80711058717609
"ENSG00000174358",1.43759185304941,1.84838600768327,4.31619850859182,3.68045160685603e-05,0.000459357912608397,1.73008133979465
"ENSG00000006118",-1.17515223955235,3.86365656953556,-4.3144642762436,3.70495227719169e-05,0.000461394823033015,1.72378282440764
"ENSG00000143839",1.02703522409321,0.797695369297488,4.3132986977979,3.72150739051868e-05,0.000462406776161673,1.71955056628834
"ENSG00000186493",-1.29436267960583,2.73978784992928,-4.30779308723779,3.80067344477224e-05,0.000470910092595354,1.69957011959944
"ENSG00000159182",1.84464640574767,1.21277767723527,4.29931063023995,3.92582729946885e-05,0.000483143176849383,1.66882075564928
"ENSG00000102409",-1.15970532712159,2.70278682823958,-4.29328623345677,4.01711418863455e-05,0.000492044842051805,1.64700735433357
"ENSG00000264727",-1.00683286423899,1.31550933810013,-4.2918719640477,4.03883879514803e-05,0.000493453450344839,1.6418895623633
"ENSG00000001617",-1.03766325600876,3.808074528356,-4.27728373545386,4.26963175485324e-05,0.000516759677864008,1.58916735564798
"ENSG00000132911",1.51445711843445,3.27476121978009,4.24740111870146,4.78266285965234e-05,0.000567582320872641,1.48155921158685
"ENSG00000086205",1.21067202076072,1.38214990122455,4.23707693564936,4.97331767012584e-05,0.000585458742680103,1.44450339519782
"ENSG00000164822",2.6605067990391,2.10061112238183,4.23531285586969,5.00661744778843e-05,0.00058811673799155,1.43817799764603
"ENSG00000159224",1.71936129243481,1.57053766579343,4.23407311042093,5.03014778023053e-05,0.000589303431615581,1.43373378509221
"ENSG00000170231",1.20600831567496,1.73010959461786,4.22404185437481,5.22449190064111e-05,0.00060946850492168,1.39780733431079
"ENSG00000163520",-1.2564599048588,2.29734858541294,-4.20619026618663,5.58833890852717e-05,0.000645734179409224,1.33402004528485
"ENSG00000159640",1.02537426308312,3.00445508282937,4.16505089639726,6.52188038103198e-05,0.000734648979471174,1.18774309092996
"ENSG00000116741",1.92892287513944,4.12488834967878,4.13510643055001,7.29372265218803e-05,0.000806277864770589,1.08190928257933
"ENSG00000169604",-1.07611598410298,3.24523123115183,-4.11032341967457,7.99811599937972e-05,0.000871413403050592,0.994727509660866
"ENSG00000188803",-1.58628130296374,2.8993920457359,-4.0927744741537,8.53587876502318e-05,0.000921765687701297,0.933219474493129
"ENSG00000101842",-1.28788741732859,6.68320098112825,-4.07328566438221,9.17368934767078e-05,0.000975755042927484,0.865132725779381
"ENSG00000122176",-1.29405080210356,4.33874174659915,-4.07202975912713,9.21632104834523e-05,0.000979814596724028,0.860753032981343
"ENSG00000116299",-1.397544069933,5.06053001001391,-4.07154844889102,9.23270939141714e-05,0.000980606690105839,0.859074826115386
"ENSG00000268621",1.55671556607095,1.56839796456964,4.05336178215722,9.87282868092841e-05,0.0010385401713596,0.795766844440739
"ENSG00000173267",1.02495930880656,2.72773790349214,4.05197678629576,9.92328097207234e-05,0.00104284748261582,0.790954001052979
"ENSG00000196136",-2.02379080853361,6.4817717253472,-4.04973216158768,0.000100055724439846,0.00104998697340198,0.78315646969634
"ENSG00000170561",-1.39689645263555,2.70614279450898,-4.04291254945931,0.000102596189197979,0.00107152221778737,0.759485104763469
"ENSG00000196405",-1.10922947084569,2.87222213714987,-4.03182195709955,0.000106860100070433,0.001107313668978,0.721050241781245
"ENSG00000183734",1.10722853389786,2.61813429017044,4.02391006842146,0.000110005057985776,0.00113438267021953,0.693677849161761
"ENSG00000131771",1.26224261284474,6.79622358788579,4.00747148537644,0.000116824985819422,0.00119845285826815,0.63693034013278
"ENSG00000146674",1.6508136971488,4.65384223378836,4.00649759538923,0.00011724147053822,0.0012016040945198,0.633573657705488
"ENSG00000164816",2.8555561448267,2.46571830919748,4.00013509295004,0.000119997561366298,0.0012264119650958,0.611658727770756
"ENSG00000182809",-1.11458553493717,4.13903892954111,-3.99822377991637,0.000120837533359577,0.00123327348581823,0.605080355846049
"ENSG00000164406",1.07908618455767,1.90534363080203,3.98213352987302,0.000128135226051373,0.00129739329030164,0.549791327035455
"ENSG00000160181",-1.4541476279438,11.078566169581,-3.93414828434429,0.000152485637133171,0.00149977244984902,0.385871059317615
"ENSG00000105641",-1.4715685410267,2.69893204313783,-3.93331326544874,0.000152946183178435,0.00150295481302481,0.383031457137191
"ENSG00000167653",-1.73635447071924,6.99065500967425,-3.92574314164512,0.00015718246158018,0.00153838303053251,0.357308332025992
"ENSG00000110148",-1.26033147920215,1.08828021561101,-3.9179063919809,0.000161685867680955,0.00157333613947813,0.330717544550421
"ENSG00000138294",-2.23838055314262,5.77810322072888,-3.89310474848351,0.00017676415753926,0.00169119349473435,0.246821110449428
"ENSG00000165655",-1.03568270763708,3.61066205684773,-3.89143147062916,0.000177828342503356,0.00170025591265844,0.241175061266809
"ENSG00000258837",1.01810136353132,1.12644686375304,3.86588077031364,0.0001948572791903,0.00183429999025,0.15518367337846
"ENSG00000138061",-1.151119454115,3.61753671246733,-3.85270342548,0.000204236595180563,0.00190948598553349,0.110999113400883
"ENSG00000172023",1.4139609698253,1.07315687557139,3.84935566221405,0.000206687125154151,0.00192680456634867,0.0997916691509024
"ENSG00000137860",1.62963350839807,3.10986884754298,3.84675089286645,0.000208613147648857,0.00194295343754621,0.0910765833178404
"ENSG00000186854",1.02218844644244,3.42712776163664,3.84117972706155,0.000212790156158186,0.0019734803028652,0.0724511955116274
"ENSG00000118017",-1.3038097280122,2.85954771021333,-3.8368141054023,0.000216118866973269,0.00199928174451705,0.0578701885198321
"ENSG00000112494",1.34068924513531,1.97637621165472,3.81253365969724,0.000235556359506616,0.002148301411743,-0.0229999607075877
"ENSG00000162882",1.18769388338534,2.8209191794011,3.78100346639694,0.000263290463662569,0.00236004192979892,-0.127443310862979
"ENSG00000129538",-1.03326678658178,8.92961775454036,-3.77938572798762,0.000264794116899999,0.00237218457179763,-0.132784503025298
"ENSG00000148735",1.15723522009434,4.04062598121461,3.7693429161284,0.000274313025054342,0.00244585563135612,-0.165903830552122
"ENSG00000165066",1.52187334644163,3.02262336979172,3.76676453142993,0.000276808896875056,0.00246410451283138,-0.17439617200588
"ENSG00000153446",-1.60839152374324,3.00553679342047,-3.74487294458926,0.000298887353507975,0.00262759823638842,-0.246323325003573
"ENSG00000140835",1.4821341022952,1.87911750827589,3.74233782622506,0.000301549630625612,0.00264473788896633,-0.254632290164397
"ENSG00000198488",-1.2041024662239,2.99413230195737,-3.7403054680754,0.000303700187019508,0.00266137907498765,-0.261290366373458
"ENSG00000169906",1.0391453646456,0.641997084213692,3.69499476780671,0.000355604732392233,0.00302677837194832,-0.409017881274361
"ENSG00000225138",-1.3706971959944,2.45969821363422,-3.6863146667478,0.00036646447500451,0.00309903296348187,-0.437161652463679
"ENSG00000187094",1.15440531910544,2.79319499782021,3.68342811485098,0.000370145048686199,0.00312028152259749,-0.446509641718756
"ENSG00000174080",-1.06514057143088,3.17015898051663,-3.67519967493794,0.00038083034397203,0.00318709391219613,-0.473126489645423
"ENSG00000214049",1.94461850971317,2.79632536446751,3.66588605669113,0.000393277641955075,0.00326882246114402,-0.503198784025774
"ENSG00000163328",-1.09451898621713,1.67993396973197,-3.66419860675049,0.000395573736801403,0.00328666206233744,-0.508641072546032
"ENSG00000131730",-1.03578063951087,1.1957048297062,-3.65058583259653,0.000414566847112774,0.00341958630509679,-0.552474281415069
"ENSG00000088992",-1.14568836220654,7.58244821546752,-3.63985281746817,0.000430147982804997,0.00352060320279375,-0.586946534531156
"ENSG00000159197",-1.99557284848887,3.26028997766681,-3.63823054257305,0.000432550763843213,0.00353499493892425,-0.592150178787723
"ENSG00000165973",-1.54601658599417,2.44696833973203,-3.61229164810777,0.000472739022356245,0.00379696645957653,-0.675110166700417
"ENSG00000142875",1.03774365002414,3.67658965962628,3.61199677852586,0.000473215571556131,0.00379940332479187,-0.676050618229638
"ENSG00000109193",1.30842694258847,1.3298095646288,3.60946340177504,0.000477328627639223,0.0038226357942655,-0.684128085828064
"ENSG00000185862",1.15411974470777,2.35440688380622,3.60248738867622,0.000488830076462559,0.00389342953459816,-0.706347964406872
"ENSG00000109255",1.20038168461515,4.27119299441381,3.59706925139402,0.000497943444497532,0.00395024331258472,-0.723582844934489
"ENSG00000109099",1.16252847510623,3.80784001753919,3.59544417463935,0.000500708026758375,0.00396930499680601,-0.72874824657527
"ENSG00000185215",1.19481187447395,5.29372702354812,3.58561008478373,0.000517750067713375,0.00405894595778299,-0.759968001687102
"ENSG00000125999",-2.17505125119288,7.25658804056713,-3.5782428021201,0.000530875104276407,0.00414997948455191,-0.7833131921392
"ENSG00000115009",1.06315640774851,4.37483071525565,3.54442547012999,0.000595261201562593,0.00454798626249581,-0.889994547612377
"ENSG00000012223",-1.97297639646857,4.29952054824724,-3.53780532144861,0.000608699894097354,0.0046329177163296,-0.910786554262616
"ENSG00000176046",-1.09311529248098,4.24800962030581,-3.5170540990099,0.000652704509800484,0.00490994002692905,-0.975763909992845
"ENSG00000256713",-2.05651386459844,1.25429332332131,-3.50460828103561,0.000680519336597702,0.00507395032380678,-1.01459172126403
"ENSG00000181577",1.4128802829096,2.44101006494942,3.49446150232341,0.00070401953701943,0.00521725791989779,-1.04616741536143
"ENSG00000134216",-1.59870332080107,0.907454144437771,-3.48518420263583,0.00072617374699995,0.00535611110266215,-1.07497460088872
"ENSG00000174514",-1.1917822810954,3.13491339679378,-3.47305206852402,0.000756137848105234,0.00551043932280742,-1.1125557198176
"ENSG00000164089",-1.00816374437729,0.706312330871471,-3.46973705187024,0.000764525747751003,0.00556048673612869,-1.12280657616421
"ENSG00000198643",1.12419745604247,5.99463905029899,3.45258463016635,0.000809344313619768,0.00582770958993864,-1.17572308420368
"ENSG00000169213",1.08245326836137,1.86529101036564,3.45252661656323,0.000809500015045025,0.00582770958993864,-1.17590171008887
"ENSG00000169035",2.2657485465693,4.1631624467121,3.44060635937421,0.000842097648773195,0.00601894094691538,-1.2125543806022
"ENSG00000213145",1.04011801082656,7.44295889620336,3.43164657858643,0.000867408455003347,0.00616570901462211,-1.24003823035028
"ENSG00000136872",1.51079101960295,5.7593681732443,3.40967254687506,0.000932546807569758,0.00651476427841554,-1.30720282814108
"ENSG00000204983",-2.03031489468344,4.69234015994139,-3.392476800516,0.000986699021457504,0.00681779944009835,-1.35952374627534
"ENSG00000171560",-1.08570681105558,0.803287997109743,-3.38164008655734,0.00102232866985586,0.00700373337578741,-1.39238826542401
"ENSG00000204872",1.00434133809747,1.33736915524771,3.37612938855858,0.00104090718021357,0.00710881613925498,-1.4090684739861
"ENSG00000170421",1.04651118249706,11.3264883566068,3.37587409925297,0.00104177548694616,0.00711032022085838,-1.40984067849478
"ENSG00000140465",1.26263478070722,2.07618241225764,3.36770399591997,0.00106992600818551,0.00727755313007273,-1.4345292077039
"ENSG00000188910",1.02088054837341,3.25198536462655,3.35805983520886,0.00110407406630368,0.00746125569353302,-1.46361066165171
"ENSG00000129455",1.02765123097712,1.69740071514607,3.3513027232066,0.00112860605318904,0.00759429703315764,-1.4839467015958
"ENSG00000107159",-1.14535362702179,6.87443856250456,-3.31547545619818,0.00126744714389945,0.00834431223479918,-1.59122356539981
"ENSG00000140274",1.38858484294288,3.68445391569155,3.31268611927651,0.00127890241889479,0.0084125017802272,-1.59953681694835
"ENSG00000152268",1.08132398848027,2.23700259859336,3.31206426516049,0.00128146944081887,0.00842604459950802,-1.60138940517553
"ENSG00000107742",1.0384762792402,2.35820398153799,3.30894951342195,0.00129439995976901,0.00848104458561107,-1.61066447027466
"ENSG00000133216",1.07179415305095,3.54111772778522,3.25466640291831,0.00154031784015702,0.0097798594810664,-1.77117802782468
"ENSG00000250606",-1.29321012450116,2.13510017660238,-3.22035365635712,0.00171760110443699,0.0106920059672797,-1.8715308835873
"ENSG00000108602",-1.19576184805098,7.67229047026489,-3.2137898100376,0.00175361369299931,0.0108729995098852,-1.89062938897794
"ENSG00000173597",1.23758096735585,2.87794677070176,3.17959679321443,0.00195287834560976,0.0118670754743049,-1.98960532287932
"ENSG00000137440",1.53331564940696,4.35192666389817,3.10301695993491,0.0024780818692219,0.0145236512970983,-2.20812464052428
"ENSG00000240583",1.24614630786953,2.96344060391794,3.06960570493313,0.00274601915563086,0.0157779257219188,-2.30208618937201
"ENSG00000147065",-1.03137635432962,3.33945899333717,-3.04369172319742,0.00297206113142419,0.0168168997954722,-2.37438261207905
"ENSG00000074410",-1.06114938746163,3.7332280140362,-3.03716827918273,0.0030316168831744,0.0171009689633665,-2.39250186818141
"ENSG00000163347",1.15531246467283,3.69628441585006,2.98340023293311,0.00356622814593707,0.0194419240264092,-2.54061013428088
"ENSG00000250591",-1.10058997586867,1.87940772709062,-2.96031148027858,0.00382147440358982,0.0205425313174844,-2.60353017140527
"ENSG00000114771",1.14484126463883,4.08317633551815,2.94145848167576,0.00404227347826096,0.0214769024052011,-2.65460262169311
"ENSG00000111700",1.14336746739349,2.01034365078285,2.93093155242683,0.004170615257531,0.0220148690392116,-2.68300040399214
"ENSG00000105675",-1.90063300579997,1.98059690188098,-2.8886141377147,0.0047252909571267,0.02433968532212,-2.79628971923943
"ENSG00000150594",1.14209049173716,4.14628929059077,2.87851216059972,0.00486735745094438,0.0248845350759722,-2.82312788967117
"ENSG00000225972",2.10136722126648,4.00359021255219,2.84386946310596,0.00538484245619038,0.0269259659743254,-2.91455756352641
"ENSG00000237550",1.10431964454105,8.38059129050116,2.82863549453017,0.00562797808598113,0.0278016035886276,-2.95446508968626
"ENSG00000215030",1.28413810544401,3.24538905873251,2.79487328299022,0.00620303188609657,0.0299808653472725,-3.0422576065286
"ENSG00000176826",-1.13948296621204,2.62691795457351,-2.77892077333865,0.00649299865855428,0.0311558866312391,-3.08342534977991
"ENSG00000185615",-1.15199878980032,3.60418876519822,-2.7630316695541,0.00679406088820529,0.0323038088992175,-3.12422851901645
"ENSG00000134827",-1.08727297550774,6.46514174623183,-2.68634350071115,0.00843393314445612,0.038387428954325,-3.31832719048612
"ENSG00000188257",1.19033465684098,2.08745219242506,2.6281389923633,0.00990992168940108,0.0437004444595112,-3.46248168904971
"ENSG00000134812",-2.08388554058093,2.96207381147521,-2.57805808844945,0.0113626644441208,0.0487260007616458,-3.58431154325457
